{"text": "\u4eca\u5929\u4e0a\u5348\u6211\u958b\u73a9\u7b11\u8aaa\u6211\u8001\u4e86\u7d50\u679c\u5f88\u591a\u6230\u53cb\u7d66\u6211\u767c\u4e86\u4e00\u5806\u7684\u53ea\u80fd\u8b93\u4e03\u54e5\u600e\u9ebc\u8b8a\u5f97\u4e0d\u8001\u8b8a\u5e74\u8f15\u7684\u62db\u5144\u5f1f\u59d0\u59b9\u5011\u592a\u611f\u8b1d\u6211\u8001\u611f\u52d5\u4e03\u54e5\u958b\u73a9\u7b11\u7684\u7d50\u679c\u6230\u53cb\u5011\u90fd\u7576\u771f\u54ce\u5440\u6211\u90a3\u662f\u958b\u73a9\u7b11\u5462\u9019\u9192\u4f86\u4ee5\u5f8c\u559d\u7684\u5496\u5561\u662f\u7d66\u5927\u5bb6\u804a\u4e00\u804a\u8acb\u5927\u5bb6\u4e0d\u8981\u64d4\u5fc3\u842c\u5206\u842c\u5206\u611f\u8b1d\u554a\u4e03\u54e5\u4eca\u5929\u62db\u647a\u5730\u7684\u958b\u5b8c\u6703\u4ee5\u5f8c\u76f8\u7576\u7684\u9ad8\u8208\u9019\u672a\u4f86\u7684\u54b1\u5011\u7684\u96de\u7ffb\u8eab\u6b3e\u554a\u9084\u6709\u9019\u978b\u5b50\u90fd\u6703\u6709\u8d85\u7d1a\u6f02\u4eae\u554a\u770b\u770b\u9019\u500b\u662f\u5427\u54b1\u5011\u540c\u6a23\u6b3e\u7684\u978b\u9019\u500b\u54b1\u5011\u96de\u7ffb\u8eab\u53ef\u80fd\u53ea\u662f\u4ed6\u7684\u56db\u5206\u4e4b\u4e00\u50f9\u683c\u5373\u523b\u62c9\u62d4\u5c31\u80fd\u8cb7\u4e0b\u4f86\u4f60\u8aaa\u5565\u611f\u89ba\u6230\u53cb\u5011\u4e03\u54e5\u624d\u4e0d\u5728\u4e4e\u4ec0\u9ebc\u8001\u4e0d\u8001\u5462\u4e03\u54e5\u6c38\u9060\u4e0d\u6703\u8001\u7684\u6211\u53ea\u662f\u958b\u73a9\u7b11\u54ce\u5440\u4e0d\u662f\u7d66\u5927\u5bb6\u6492\u6492\u5b0c\u55ce\u662f\u5427\u4e0d\u8981\u64d4\u5fc3\u4e03\u54e5\u8001\u4e0d\u8001\u4e0d\u91cd\u8981\u6ec5\u4f9b\u6700\u91cd\u8981\u4e03\u54e5\u6700\u8fd1\u662f\u5fc3\u60c5\u76f8\u5f53\u597d\u6240\u4ee5\u8bf4\u8001\u60f3\u627e\u4e2a\u8868\u8fbe\u65b9\u5f0f\u8ddf\u6218\u53cb\u4eec\u4e0d\u4e00\u6837\u7684\u7ed3\u679c\u8ba9\u4f60\u4eec\u62c5\u5fc3\u4e86\u554a\u771f\u662f\u4e0d\u597d\u610f\u601d\u4e03\u54e5\u5b8c\u5168\u5c06\u4ee5\u52a0\u901f\u706d\u5171\u4ee5\u524d\u706d\u5171\u7684\u6b65\u4f10\u6765\u56de\u62a5\u5144\u5f1f\u59d0\u59b9\u4eec\u4e0d\u8be5\u548b\u4e86\u54ce\u5440 \u7136\u540e\u6211\u611f\u52a8\u7684\u4e0d\u884c \u4e0d\u597d\u610f\u601d\u4e86", "segments": [{"id": 0, "seek": 0, "start": 0.0, "end": 20.2, "text": "\u4eca\u5929\u4e0a\u5348\u6211\u958b\u73a9\u7b11\u8aaa\u6211\u8001\u4e86", "tokens": [50364, 12074, 5708, 44237, 1654, 8949, 19912, 11600, 4622, 1654, 10439, 2289, 51374], "temperature": 0.0, "avg_logprob": -0.5226875873322182, "compression_ratio": 1.0081967213114753, "no_speech_prob": 0.3269992172718048}, {"id": 1, "seek": 0, "start": 20.2, "end": 23.0, "text": "\u7d50\u679c\u5f88\u591a\u6230\u53cb\u7d66\u6211\u767c\u4e86\u4e00\u5806\u7684", "tokens": [51374, 35181, 20778, 23209, 14765, 17798, 1654, 14637, 2289, 2257, 10726, 228, 1546, 51514], "temperature": 0.0, "avg_logprob": -0.5226875873322182, "compression_ratio": 1.0081967213114753, "no_speech_prob": 0.3269992172718048}, {"id": 2, "seek": 0, "start": 23.0, "end": 27.72, "text": "\u53ea\u80fd\u8b93\u4e03\u54e5\u600e\u9ebc\u8b8a\u5f97\u4e0d\u8001\u8b8a\u5e74\u8f15\u7684\u62db", "tokens": [51514, 14003, 8225, 21195, 29920, 14078, 11614, 26327, 5916, 1960, 10439, 26327, 5157, 34801, 1546, 6852, 249, 51750], "temperature": 0.0, "avg_logprob": -0.5226875873322182, "compression_ratio": 1.0081967213114753, "no_speech_prob": 0.3269992172718048}, {"id": 3, "seek": 2772, "start": 28.08, "end": 30.759999999999998, "text": "\u5144\u5f1f\u59d0\u59b9\u5011\u592a\u611f\u8b1d\u6211\u8001\u611f\u52d5", "tokens": [50382, 24982, 19630, 18102, 37562, 4623, 9455, 40143, 1654, 10439, 9709, 12572, 50516], "temperature": 0.0, "avg_logprob": -0.29149132880611694, "compression_ratio": 1.3204633204633205, "no_speech_prob": 0.17775490880012512}, {"id": 4, "seek": 2772, "start": 30.759999999999998, "end": 33.68, "text": "\u4e03\u54e5\u958b\u73a9\u7b11\u7684\u7d50\u679c\u6230\u53cb\u5011\u90fd\u7576\u771f", "tokens": [50516, 29920, 14078, 8949, 19912, 11600, 1546, 35181, 23209, 14765, 4623, 7182, 13118, 6303, 50662], "temperature": 0.0, "avg_logprob": -0.29149132880611694, "compression_ratio": 1.3204633204633205, "no_speech_prob": 0.17775490880012512}, {"id": 5, "seek": 2772, "start": 33.68, "end": 35.56, "text": "\u54ce\u5440\u6211\u90a3\u662f\u958b\u73a9\u7b11\u5462", "tokens": [50662, 26755, 15348, 1654, 4184, 1541, 8949, 19912, 11600, 6240, 50756], "temperature": 0.0, "avg_logprob": -0.29149132880611694, "compression_ratio": 1.3204633204633205, "no_speech_prob": 0.17775490880012512}, {"id": 6, "seek": 2772, "start": 35.56, "end": 38.76, "text": "\u9019\u9192\u4f86\u4ee5\u5f8c\u559d\u7684\u5496\u5561\u662f\u7d66\u5927\u5bb6\u804a\u4e00\u804a", "tokens": [50756, 2664, 40796, 3763, 3588, 5661, 26784, 1546, 8975, 244, 3284, 94, 1541, 17798, 6868, 40096, 2257, 40096, 50916], "temperature": 0.0, "avg_logprob": -0.29149132880611694, "compression_ratio": 1.3204633204633205, "no_speech_prob": 0.17775490880012512}, {"id": 7, "seek": 2772, "start": 38.76, "end": 39.96, "text": "\u8acb\u5927\u5bb6\u4e0d\u8981\u64d4\u5fc3", "tokens": [50916, 16302, 6868, 11962, 13167, 242, 7945, 50976], "temperature": 0.0, "avg_logprob": -0.29149132880611694, "compression_ratio": 1.3204633204633205, "no_speech_prob": 0.17775490880012512}, {"id": 8, "seek": 2772, "start": 39.96, "end": 41.84, "text": "\u842c\u5206\u842c\u5206\u611f\u8b1d\u554a", "tokens": [50976, 14099, 6627, 14099, 6627, 40143, 4905, 51070], "temperature": 0.0, "avg_logprob": -0.29149132880611694, "compression_ratio": 1.3204633204633205, "no_speech_prob": 0.17775490880012512}, {"id": 9, "seek": 2772, "start": 41.84, "end": 45.32, "text": "\u4e03\u54e5\u4eca\u5929\u62db\u647a\u5730\u7684\u958b\u5b8c\u6703\u4ee5\u5f8c\u76f8\u7576\u7684\u9ad8\u8208", "tokens": [51070, 29920, 14078, 12074, 6852, 249, 34783, 118, 10928, 1546, 8949, 14128, 6236, 3588, 5661, 15106, 13118, 1546, 12979, 44089, 51244], "temperature": 0.0, "avg_logprob": -0.29149132880611694, "compression_ratio": 1.3204633204633205, "no_speech_prob": 0.17775490880012512}, {"id": 10, "seek": 2772, "start": 45.32, "end": 48.239999999999995, "text": "\u9019\u672a\u4f86\u7684\u54b1\u5011\u7684\u96de\u7ffb\u8eab\u6b3e\u554a", "tokens": [51244, 2664, 29954, 3763, 1546, 8975, 109, 4623, 1546, 6306, 252, 42716, 19847, 48798, 4905, 51390], "temperature": 0.0, "avg_logprob": -0.29149132880611694, "compression_ratio": 1.3204633204633205, "no_speech_prob": 0.17775490880012512}, {"id": 11, "seek": 2772, "start": 48.239999999999995, "end": 50.2, "text": "\u9084\u6709\u9019\u978b\u5b50\u90fd\u6703\u6709", "tokens": [51390, 15569, 2664, 165, 252, 233, 7626, 7182, 6236, 2412, 51488], "temperature": 0.0, "avg_logprob": -0.29149132880611694, "compression_ratio": 1.3204633204633205, "no_speech_prob": 0.17775490880012512}, {"id": 12, "seek": 2772, "start": 50.2, "end": 52.64, "text": "\u8d85\u7d1a\u6f02\u4eae\u554a", "tokens": [51488, 19869, 35315, 29019, 4905, 51610], "temperature": 0.0, "avg_logprob": -0.29149132880611694, "compression_ratio": 1.3204633204633205, "no_speech_prob": 0.17775490880012512}, {"id": 13, "seek": 2772, "start": 52.64, "end": 53.28, "text": "\u770b\u770b\u9019\u500b", "tokens": [51610, 22884, 6287, 51642], "temperature": 0.0, "avg_logprob": -0.29149132880611694, "compression_ratio": 1.3204633204633205, "no_speech_prob": 0.17775490880012512}, {"id": 14, "seek": 2772, "start": 54.72, "end": 55.16, "text": "\u662f\u5427", "tokens": [51714, 1541, 6062, 51736], "temperature": 0.0, "avg_logprob": -0.29149132880611694, "compression_ratio": 1.3204633204633205, "no_speech_prob": 0.17775490880012512}, {"id": 15, "seek": 5516, "start": 55.68, "end": 60.239999999999995, "text": "\u54b1\u5011\u540c\u6a23\u6b3e\u7684\u978b", "tokens": [50390, 8975, 109, 4623, 13089, 6180, 48798, 1546, 165, 252, 233, 50618], "temperature": 0.6000000000000001, "avg_logprob": -0.30446870661964104, "compression_ratio": 1.2857142857142858, "no_speech_prob": 0.003593569854274392}, {"id": 16, "seek": 5516, "start": 61.199999999999996, "end": 64.6,