{"text": "\u99ac\u4e0a\u5c31\u958b\u59cb\u4e86,\u99ac\u4e0a\u5c31\u958b\u59cb\u4e86,President Jason\u99ac\u4e0a\u5c31\u958b\u59cb\u4e86\u54c7,\u67d0\u5927\u96c6\u5718\u7a81\u7136\u9593\u6df1\u66f4\u534a\u591c\u4e9e\u6d32\u6642\u9593\u8981\u52a0\u5165\u4e3b\u5e2d\u548c\u5bb6\u4eba\u90fd\u8981\u52a0\u5165,\u67d0\u570b\u5bb6\u7684\u90e8\u9580\u99ac\u4e0a\u8981\u52a0\u5165\u8981\u52a0\u5165,\u592a\u725b\u4e86,\u592a\u725b\u4e86,President Jason\u5f88\u8208\u596e,\u5403\u500b\u9905\u4e7e,\u964d\u964d\u6eab\u6700\u91cd\u8981\u7684\u4e8b\u60c5,\u53ef\u80fd\u5927\u5bb6\u4e0d\u77e5\u9053,\u6211\u5011\u4eca\u5929\u7684President Jason\u88e1\u976295%\u5168\u662f\u6211\u5011\u6230\u53cb,\u9019\u5c31\u662f\u7206\u6599\u9769\u547d\u7684\u529b\u91cf\u6211\u6700\u8208\u596e\u7684,\u9019\u662f\u6211\u5011\u7206\u6599\u9769\u547d\u6230\u53cb\u5011\u4e00\u8d77\u4f86\u5b8c\u6210\u7684\u800c\u4e14\u672a\u4f86\u8981\u7262\u7262\u7684\u638c\u63e1\u6211\u5011\u6230\u53cb\u624b\u88e1\u9762\u79d1\u6280\u5927\u4f6c,\u6ec5\u5171\u7684\u570b\u5bb6\u4e3b\u6b0a,\u4e16\u754c\u4e0a\u6700\u6709\u9322\u7684\u57fa\u91d1\u4eca\u5929\u5168\u5728\u4e86\u99ac\u4e0a\u958b\u59cb,\u9084\u670920\u5206\u9418,\u4eca\u5929\u76f4\u64ad\u7576\u4e2d\u6211\u6c92\u7d66\u5927\u5bb6\u60f3\u7684\u662f\u56db\u5e74\u524d\u7684\u4e2d\u5171\u5565\u6a23,\u73fe\u5728\u7684\u4e2d\u5171\u5565\u6a23\u60f3\u4e00\u60f3,\u5171\u7522\u9ee8\u9084\u6703\u6709\u56db\u5e74\u55ce?\u4f60\u770bSnow\u7e8f\u7684,\u6211\u4e00\u5403\u51b0\u68cd,\u4f60\u770b\u4ed6\u7e8f\u7684,\u4f60\u770b\u4ed6\u7e8f\u7684\u4f60\u770b\u770b,Snow\u597d\u5427\u5144\u5f1f,\u5144\u5f1f\u59d0\u59b9\u5011\u4e0d\u5bb9\u6613\u554a,\u592a\u4e0d\u5bb9\u6613\u4e86", "segments": [{"id": 0, "seek": 0, "start": 0.0, "end": 10.0, "text": "\u99ac\u4e0a\u5c31\u958b\u59cb\u4e86,\u99ac\u4e0a\u5c31\u958b\u59cb\u4e86,President Jason\u99ac\u4e0a\u5c31\u958b\u59cb\u4e86", "tokens": [50364, 29098, 5708, 3111, 21017, 2289, 11, 29098, 5708, 3111, 21017, 2289, 11, 47, 44625, 11181, 29098, 5708, 3111, 21017, 2289, 50864], "temperature": 0.0, "avg_logprob": -0.35916359744854826, "compression_ratio": 1.2418300653594772, "no_speech_prob": 0.6776615977287292}, {"id": 1, "seek": 0, "start": 10.0, "end": 18.0, "text": "\u54c7,\u67d0\u5927\u96c6\u5718\u7a81\u7136\u9593\u6df1\u66f4\u534a\u591c\u4e9e\u6d32\u6642\u9593\u8981\u52a0\u5165", "tokens": [50864, 19471, 11, 17238, 238, 3582, 26020, 37766, 40859, 5823, 11016, 24043, 19002, 30018, 30124, 42552, 48706, 20788, 4275, 43878, 51264], "temperature": 0.0, "avg_logprob": -0.35916359744854826, "compression_ratio": 1.2418300653594772, "no_speech_prob": 0.6776615977287292}, {"id": 2, "seek": 0, "start": 18.0, "end": 24.0, "text": "\u4e3b\u5e2d\u548c\u5bb6\u4eba\u90fd\u8981\u52a0\u5165,\u67d0\u570b\u5bb6\u7684\u90e8\u9580\u99ac\u4e0a\u8981\u52a0\u5165", "tokens": [51264, 13557, 4845, 255, 12565, 5155, 4035, 7182, 4275, 43878, 11, 17238, 238, 37743, 1546, 13470, 37232, 29098, 5708, 4275, 43878, 51564], "temperature": 0.0, "avg_logprob": -0.35916359744854826, "compression_ratio": 1.2418300653594772, "no_speech_prob": 0.6776615977287292}, {"id": 3, "seek": 2400, "start": 24.0, "end": 32.0, "text": "\u8981\u52a0\u5165,\u592a\u725b\u4e86,\u592a\u725b\u4e86,President Jason\u5f88\u8208\u596e,\u5403\u500b\u9905\u4e7e,\u964d\u964d\u6eab", "tokens": [50364, 4275, 43878, 11, 9455, 40003, 2289, 11, 9455, 40003, 2289, 11, 47, 44625, 11181, 4563, 44089, 1881, 106, 11, 10123, 3338, 22217, 227, 39698, 11, 47421, 47421, 16084, 104, 50764], "temperature": 0.0, "avg_logprob": -0.17480308778824344, "compression_ratio": 1.2079646017699115, "no_speech_prob": 0.32068711519241333}, {"id": 4, "seek": 2400, "start": 32.0, "end": 40.0, "text": "\u6700\u91cd\u8981\u7684\u4e8b\u60c5,\u53ef\u80fd\u5927\u5bb6\u4e0d\u77e5\u9053,\u6211\u5011\u4eca\u5929\u7684President Jason\u88e1\u9762", "tokens": [50764, 8661, 24928, 1546, 24675, 11, 16657, 6868, 17572, 11, 5884, 34947, 47, 44625, 11181, 32399, 51164], "temperature": 0.0, "avg_logprob": -0.17480308778824344, "compression_ratio": 1.2079646017699115, "no_speech_prob": 0.32068711519241333}, {"id": 5, "seek": 2400, "start": 40.0, "end": 46.0, "text": "95%\u5168\u662f\u6211\u5011\u6230\u53cb,\u9019\u5c31\u662f\u7206\u6599\u9769\u547d\u7684\u529b\u91cf", "tokens": [51164, 15718, 4, 11319, 1541, 5884, 23209, 14765, 11, 2664, 5620, 45827, 33404, 5363, 102, 25236, 1546, 13486, 26748, 51464], "temperature": 0.0, "avg_logprob": -0.17480308778824344, "compression_ratio": 1.2079646017699115, "no_speech_prob": 0.32068711519241333}, {"id": 6, "seek": 2400, "start": 46.0, "end": 51.0, "text": "\u6211\u6700\u8208\u596e\u7684,\u9019\u662f\u6211\u5011\u7206\u6599\u9769\u547d\u6230\u53cb\u5011\u4e00\u8d77\u4f86\u5b8c\u6210\u7684", "tokens": [51464, 1654, 8661, 44089, 1881, 106, 1546, 11, 16600, 5884, 45827, 33404, 5363, 102, 25236, 23209, 14765, 4623, 2257, 21670, 41509, 1546, 51714], "temperature": 0.0, "avg_logprob": -0.17480308778824344, "compression_ratio": 1.2079646017699115, "no_speech_prob": 0.32068711519241333}, {"id": 7, "seek": 5100, "start": 51.0, "end": 54.0, "text": "\u800c\u4e14\u672a\u4f86\u8981\u7262\u7262\u7684\u638c\u63e1\u6211\u5011\u6230\u53cb\u624b\u88e1\u9762", "tokens": [50364, 22942, 29954, 3763, 4275, 6935, 95, 6935, 95, 1546, 6900, 234, 11673, 94, 5884, 23209, 14765, 11389, 32399, 50514], "temperature": 0.0, "avg_logprob": -0.12816184701271427, "compression_ratio": 1.236842105263158, "no_speech_prob": 0.36286240816116333}, {"id": 8, "seek": 5100, "start": 54.0, "end": 62.0, "text": "\u79d1\u6280\u5927\u4f6c,\u6ec5\u5171\u7684\u570b\u5bb6\u4e3b\u6b0a,\u4e16\u754c\u4e0a\u6700\u6709\u9322\u7684\u57fa\u91d1\u4eca\u5929\u5168\u5728\u4e86", "tokens": [50514, 42091, 32502, 3582, 1593, 105, 11, 15868, 227, 15408, 1546, 37743, 13557, 40212, 11, 24486, 5708, 8661, 2412, 29483, 1546, 26008, 19117, 12074, 11319, 3581, 2289, 50914], "temperature": 0.0, "avg_logprob": -0.12816184701271427, "compression_ratio": 1.236842105263158, "no_speech_prob": 0.36286240816116333}, {"id": 9, "seek": 5100, "start": 64.0, "end": 71.0, "text": "\u99ac\u4e0a\u958b\u59cb,\u9084\u670920\u5206\u9418,\u4eca\u5929\u76f4\u64ad\u7576\u4e2d\u6211\u6c92\u7d66\u5927\u5bb6\u60f3\u7684\u662f", "tokens": [51014, 29098, 5708, 21017, 11, 15569, 2009, 32611, 11, 12074, 16186, 49993, 13118, 5975, 1654, 4913, 17798, 6868, 7093, 24620, 51364], "temperature": 0.0, "avg_logprob": -0.12816184701271427, "compression_ratio": 1.236842105263158, "no_speech_prob": 0.36286240816116333}, {"id": 10, "seek": 5100, "start": 71.0, "end": 74.0, "text": "\u56db\u5e74\u524d\u7684\u4e2d\u5171\u5565\u6a23,\u73fe\u5728\u7684\u4e2d\u5171\u5565\u6a23", "tokens": [51364, 19425, 49947, 1546, 25093, 3284, 98, 6180, 11, 12648, 1546, 25093, 3284, 98, 6180, 51514], "temperature": 0.0, "avg_logprob": -0.12816184701271427, "compression_ratio": 1.236842105263158, "no_speech_prob": 0.36286240816116333}, {"id": 11, "seek": 5100, "start": 74.0, "end": 78.0, "text": "\u60f3\u4e00\u60f3,\u5171\u7522\u9ee8\u9084\u6703\u6709\u56db\u5e74\u55ce?", "tokens": [51514, 7093, 2257, 7093, 11, 15408, 33299, 33175, 7824, 6236, 2412, 19425, 5157, 7434, 30, 51714], "temperature": 0.0, "avg_logprob": -0.12816184701271427, "compression_ratio": 1.236842105263158, "no_speech_prob": 0.36286240816116333}, {"id": 12, "seek": 7800, "start": 79.0, "end": 85.0, "text": "\u4f60\u770bSnow\u7e8f\u7684,\u6211\u4e00\u5403\u51b0\u68cd,\u4f60\u770b\u4ed6\u7e8f\u7684,\u4f60\u770b\u4ed6\u7e8f\u7684", "tokens": [50414, 16529, 50, 3785, 16853, 237, 1546, 11, 1654, 2257, 10123, 5676, 108, 16407, 235, 11, 16529, 5000, 16853, 237, 1546, 11, 16529, 5000, 16853, 237, 1546, 50714], "temperature": 0.0, "avg_logprob": -0.2520232953523335, "compression_ratio": 1.2523364485981308, "no_speech_prob": 0.5071844458580017}, {"id": 13, "seek": 7800, "start": 85.0, "end": 89.0, "text": "\u4f60\u770b\u770b,Snow", "tokens": [50714, 16529, 4200, 11, 50, 3785, 50914], "temperature": 0.0, "avg_logprob": -0.2520232953523335,