{"text": "\u597d\u561e \u597d\u561e \u597d\u561e \u597d\u561e \u597d\u561e\u5404\u4f4d\u59d0\u59b9\u5011 \u770b\u770b\u9019\u908a\u7684\u4eba\u4eca\u5929\u9019\u662f\u7f8e\u570b\u7368\u7acb\u65e5\u554a\u5927\u5bb6\u77e5\u9053\u6211\u70ba\u5565\u8981\u4f86\u662f\u5427\u4f46\u662f\u5fc5\u9808\u4f86\u554a\u9019\u500b\u6bcf\u6b21\u5230\u9019\u81ea\u7531\u5973\u795e\u7684\u6642\u5019\u611f\u89ba\u662f\u771f\u7684\u4e0d\u4e00\u6a23\u6211\u5011\u4e00\u5b9a\u6703\u628a\u81ea\u7531\u5973\u795e\u5e36\u56de\u5230\u4e2d\u570b\u800c\u4e14\u6703\u5f88\u5feb\u5e36\u5230\u4e2d\u570b\u53bb\u6211\u5728\u9019\u88e1\u70ba\u7f8e\u5229\u5805\u548c\u4e2d\u570b\u7684\u6bcf\u500b\u4eba\u7948\u798f\u8981\u70ba\u4e2d\u570b\u5341\u56db\u5104\u540c\u80de\u9999\u6e2f \u897f\u85cf \u53f0\u7063 \u65b0\u7586\u9084\u6709\u7206\u6599\u9769\u547d\u6230\u53cb\u5011 \u5bb6\u4eba\u5011\u7948\u798f\u7136\u5f8c\u81ea\u7531\u5973\u795e\u6279\u8a55\u6211\u5011\u54ce\u5440 \u600e\u9ebc\u4e86 \u600e\u9ebc\u4e86\u4f60\u8aaa\u6211\u9019\u62dc\u5b8c\u4ee5\u5f8c\u5fc3\u88e1\u90a3\u9ebc\u8e0f\u5be6\u55ce\u975e\u5e38\u7684\u8e0f\u5be6\u592a\u68d2\u4e86 \u5144\u5f1f\u59d0\u59b9\u5011\u9019\u5c31\u662f\u4eba\u751f\u7684\u7d93\u6b77\u6bcf\u6b21\u4f86\u5230\u81ea\u7531\u5973\u795e\u7684\u6642\u5019\u611f\u53d7\u592a\u6df1\u523b\u4e86\u771f\u7684\u662f\u4e0d\u4e00\u6a23\u554a\u81ea\u7531\u5973\u795e\u4e00\u5b9a\u6703\u7acb\u5728\u5317\u4eac\u5929\u5b89\u95807\u67084\u865f 2022\u6211\u5011\u6240\u6709\u5fc3\u4e2d\u5169\u65b9\u4eba\u662f\u7121\u82d7\u6709\u5f0a\u64c1\u6709\u672a\u4f86\u64c1\u6709\u4eba\u8eab\u4eba\u6b0a\u6700\u5927\u7684\u81ea\u7531\u8981\u62d0\u904e\u4f86\u8b93\u4eba\u5bb6\u63db\u5929\u4ee5\u5730\u554a\u4f60\u770b\u4e2d\u570b\u4eba\u6d3b\u5728\u6c34\u751f\u6d3b\u4e4b\u4e2d\u6240\u4ee5\u9700\u8981\u6211\u5011\u62ef\u6551\u554a\u50bb\u5b50\u4e0d\u6d3b\u4e86", "segments": [{"id": 0, "seek": 0, "start": 0.0, "end": 4.0, "text": "\u597d\u561e \u597d\u561e \u597d\u561e \u597d\u561e \u597d\u561e", "tokens": [50364, 2131, 10756, 252, 12202, 10756, 252, 12202, 10756, 252, 12202, 10756, 252, 12202, 10756, 252, 50564], "temperature": 0.0, "avg_logprob": -0.24487980044617944, "compression_ratio": 1.3474178403755868, "no_speech_prob": 0.5442500710487366}, {"id": 1, "seek": 0, "start": 4.0, "end": 7.0, "text": "\u5404\u4f4d\u59d0\u59b9\u5011 \u770b\u770b\u9019\u908a\u7684\u4eba", "tokens": [50564, 22073, 18102, 37562, 4623, 220, 22884, 22821, 29979, 50714], "temperature": 0.0, "avg_logprob": -0.24487980044617944, "compression_ratio": 1.3474178403755868, "no_speech_prob": 0.5442500710487366}, {"id": 2, "seek": 0, "start": 7.0, "end": 10.0, "text": "\u4eca\u5929\u9019\u662f\u7f8e\u570b\u7368\u7acb\u65e5\u554a", "tokens": [50714, 12074, 16600, 21228, 163, 18304, 24409, 6890, 4905, 50864], "temperature": 0.0, "avg_logprob": -0.24487980044617944, "compression_ratio": 1.3474178403755868, "no_speech_prob": 0.5442500710487366}, {"id": 3, "seek": 0, "start": 10.0, "end": 12.0, "text": "\u5927\u5bb6\u77e5\u9053\u6211\u70ba\u5565\u8981\u4f86\u662f\u5427", "tokens": [50864, 6868, 7758, 1654, 6344, 3284, 98, 4275, 3763, 1541, 6062, 50964], "temperature": 0.0, "avg_logprob": -0.24487980044617944, "compression_ratio": 1.3474178403755868, "no_speech_prob": 0.5442500710487366}, {"id": 4, "seek": 0, "start": 12.0, "end": 14.0, "text": "\u4f46\u662f\u5fc5\u9808\u4f86\u554a", "tokens": [50964, 11189, 28531, 8313, 230, 3763, 4905, 51064], "temperature": 0.0, "avg_logprob": -0.24487980044617944, "compression_ratio": 1.3474178403755868, "no_speech_prob": 0.5442500710487366}, {"id": 5, "seek": 0, "start": 14.0, "end": 19.0, "text": "\u9019\u500b\u6bcf\u6b21\u5230\u9019\u81ea\u7531\u5973\u795e\u7684\u6642\u5019\u611f\u89ba\u662f\u771f\u7684\u4e0d\u4e00\u6a23", "tokens": [51064, 6287, 23664, 9487, 4511, 2664, 45233, 17015, 20432, 20643, 31742, 1541, 8034, 1960, 22977, 51314], "temperature": 0.0, "avg_logprob": -0.24487980044617944, "compression_ratio": 1.3474178403755868, "no_speech_prob": 0.5442500710487366}, {"id": 6, "seek": 0, "start": 19.0, "end": 23.0, "text": "\u6211\u5011\u4e00\u5b9a\u6703\u628a\u81ea\u7531\u5973\u795e\u5e36\u56de\u5230\u4e2d\u570b", "tokens": [51314, 5884, 24272, 6236, 16075, 45233, 17015, 20432, 32379, 8350, 4511, 21854, 51514], "temperature": 0.0, "avg_logprob": -0.24487980044617944, "compression_ratio": 1.3474178403755868, "no_speech_prob": 0.5442500710487366}, {"id": 7, "seek": 0, "start": 23.0, "end": 26.0, "text": "\u800c\u4e14\u6703\u5f88\u5feb\u5e36\u5230\u4e2d\u570b\u53bb", "tokens": [51514, 22942, 6236, 4563, 10251, 32379, 4511, 21854, 6734, 51664], "temperature": 0.0, "avg_logprob": -0.24487980044617944, "compression_ratio": 1.3474178403755868, "no_speech_prob": 0.5442500710487366}, {"id": 8, "seek": 2600, "start": 26.0, "end": 30.0, "text": "\u6211\u5728\u9019\u88e1\u70ba\u7f8e\u5229\u5805\u548c\u4e2d\u570b\u7684\u6bcf\u500b\u4eba\u7948\u798f", "tokens": [50364, 40528, 18771, 6344, 9175, 23700, 10726, 227, 12565, 21854, 1546, 23664, 40104, 12695, 230, 33952, 50564], "temperature": 0.0, "avg_logprob": -0.17189055851527624, "compression_ratio": 1.1055900621118013, "no_speech_prob": 0.39161038398742676}, {"id": 9, "seek": 2600, "start": 30.0, "end": 34.0, "text": "\u8981\u70ba\u4e2d\u570b\u5341\u56db\u5104\u540c\u80de", "tokens": [50564, 4275, 6344, 21854, 20145, 19425, 25459, 13089, 19095, 252, 50764], "temperature": 0.0, "avg_logprob": -0.17189055851527624, "compression_ratio": 1.1055900621118013, "no_speech_prob": 0.39161038398742676}, {"id": 10, "seek": 2600, "start": 34.0, "end": 38.0, "text": "\u9999\u6e2f \u897f\u85cf \u53f0\u7063 \u65b0\u7586", "tokens": [50764, 27141, 220, 16220, 21782, 237, 220, 29152, 220, 12560, 18140, 228, 50964], "temperature": 0.0, "avg_logprob": -0.17189055851527624, "compression_ratio": 1.1055900621118013, "no_speech_prob": 0.39161038398742676}, {"id": 11, "seek": 2600, "start": 38.0, "end": 41.0, "text": "\u9084\u6709\u7206\u6599\u9769\u547d\u6230\u53cb\u5011 \u5bb6\u4eba\u5011\u7948\u798f", "tokens": [50964, 15569, 45827, 33404, 5363, 102, 25236, 23209, 14765, 4623, 220, 5155, 4035, 4623, 12695, 230, 33952, 51114], "temperature": 0.0, "avg_logprob": -0.17189055851527624, "compression_ratio": 1.1055900621118013, "no_speech_prob": 0.39161038398742676}, {"id": 12, "seek": 2600, "start": 41.0, "end": 44.0, "text": "\u7136\u5f8c\u81ea\u7531\u5973\u795e\u6279\u8a55\u6211\u5011", "tokens": [51114, 10213, 45233, 17015, 20432, 3416, 117, 39115, 5884, 51264], "temperature": 0.0, "avg_logprob": -0.17189055851527624, "compression_ratio": 1.1055900621118013, "no_speech_prob": 0.39161038398742676}, {"id": 13, "seek": 5600, "start": 56.0, "end": 81.0, "text": "\u54ce\u5440 \u600e\u9ebc\u4e86 \u600e\u9ebc\u4e86", "tokens": [50364, 26755, 15348, 220, 46139, 220, 46139, 51614], "temperature": 0.2, "avg_logprob": -0.41530645810640776, "compression_ratio": 0.9466666666666667, "no_speech_prob": 0.18235819041728973}, {"id": 14, "seek": 5600, "start": 81.0, "end": 84.0, "text": "\u4f60\u8aaa\u6211\u9019\u62dc\u5b8c\u4ee5\u5f8c\u5fc3\u88e1\u90a3\u9ebc\u8e0f\u5be6\u55ce", "tokens": [51614, 42920, 1654, 2664, 16714, 14128, 3588, 5661, 7945, 11066, 20504, 41166, 237, 10376, 7434, 51764], "temperature": 0.2, "avg_logprob": -0.41530645810640776, "compression_ratio": 0.9466666666666667, "no_speech_prob": 0.18235819041728973}, {"id": 15, "seek": 8400, "start": 84.0, "end": 86.0, "text": "\u975e\u5e38\u7684\u8e0f\u5be6", "tokens": [50364, 48263, 41166, 237, 10376, 50464], "temperature": 0.0, "avg_logprob": -0.1452617527526102, "compression_ratio": 1.1473684210526316, "no_speech_prob": 0.11593954265117645}, {"id": 16, "seek": 8400, "start": 86.0, "end": 90.0, "text": "\u592a\u68d2\u4e86 \u5144\u5f1f\u59d0\u59b9\u5011", "tokens": [50464, 9455, 23514, 2289, 220, 24982, 19630, 18102, 37562, 4623, 50664], "temperature": 0.0, "avg_logprob": -0.1452617527526102, "compression_ratio": 1.1473684210526316, "no_speech_prob": 0.11593954265117645}, {"id": 17, "seek": 8400, "start": 90.0, "end": 92.0,